{
    "images": [{
            "name": "ufo",
            "src": "../media/airship.png"
        },
        {
            "name": "ufo2",
            "src": "../media/ufo.png"
        },
        {
            "name": "ufo3",
            "src": "../media/ufo2.png"
        }
    ],
    "sounds": [{
            "name": "music",
            "src": "../media/bckgr.wav"
        },
        {
            "name": "punch",
            "src": "../media/punch.wav"
        },
        {
            "name": "hit",
            "src": "../media/hit.mp3"
        },
        {
            "name": "heal",
            "src": "../media/heal.flac"
        }
    ]
}